binID	taxa	Completeness	Contamination	mappedID
E100079703_L01_UDB-100_vae_10416	d__Bacteria;p__Bacillota_A;c__Clostridia;o__Oscillospirales;f__Butyricicoccaceae;g__Agathobaculum;s__Agathobaculum butyriciproducens	98.96	0.67	A0007
E100079703_L01_UDB-100_SB_95	d__Bacteria;p__Bacillota_A;c__Clostridia;o__Oscillospirales;f__Ruminococcaceae;g__Faecalibacterium;s__Faecalibacterium prausnitzii_J	90.45	4.86	A0006
E100079703_L01_UDB-100_vae_779	d__Bacteria;p__Bacillota_C;c__Negativicutes;o__Acidaminococcales;f__Acidaminococcaceae;g__Acidaminococcus;s__Acidaminococcus intestini	99.14	0.16	A0009
E100079703_L01_UDB-100_vae_20890	d__Bacteria;p__Bacillota_I;c__Bacilli_A;o__Erysipelotrichales;f__Coprobacillaceae;g__Thomasclavelia;s__Thomasclavelia ramosa	99.97	2.66	A0008
E100079703_L01_UDB-100_SB_131	d__Bacteria;p__Bacillota;c__Bacilli;o__Lactobacillales;f__Streptococcaceae;g__Streptococcus;s__Streptococcus oralis_BW	98.94	0.67	A0002
E100079703_L01_UDB-100_SB_52	d__Bacteria;p__Bacteroidota;c__Bacteroidia;o__Bacteroidales;f__Bacteroidaceae;g__Phocaeicola;s__Phocaeicola vulgatus	98.39	0.02	A0005
E100079703_L01_UDB-100_vae_9795	d__Bacteria;p__Pseudomonadota;c__Gammaproteobacteria;o__Enterobacterales;f__Enterobacteriaceae;g__Escherichia;s__Escherichia coli	100	0.19	A0010
E100079703_L01_UDB-101_aae_z_64750	d__Bacteria;p__Bacillota_A;c__Clostridia;o__Lachnospirales;f__Lachnospiraceae;g__Otoolea;s__Otoolea fessa	94.69	0.4	A0013
E100079703_L01_UDB-101_aae_z_10557	d__Bacteria;p__Bacillota;c__Bacilli;o__Lactobacillales;f__Enterococcaceae;g__Enterococcus_B;s__Enterococcus_B lactis	99.98	0.07	A0011
E100079703_L01_UDB-101_aae_z_4270	d__Bacteria;p__Bacillota;c__Bacilli;o__Lactobacillales;f__Streptococcaceae;g__Streptococcus;s__Streptococcus oralis_CK	99.98	0.08	A0012
E100079703_L01_UDB-116_vae_10161	d__Bacteria;p__Bacillota;c__Bacilli;o__Lactobacillales;f__Enterococcaceae;g__Enterococcus_A;s__Enterococcus_A avium	99.43	1.97	A0022
E100079703_L01_UDB-117_aae_z_1133	d__Bacteria;p__Bacillota_I;c__Bacilli_A;o__Erysipelotrichales;f__Erysipelotrichaceae;g__Clostridium_AQ;s__Clostridium_AQ innocuum	99.85	2.17	A0023
E100079703_L01_UDB-120_vae_11971	d__Bacteria;p__Actinomycetota;c__Coriobacteriia;o__Coriobacteriales;f__Coriobacteriaceae;g__Collinsella;s__Collinsella aerofaciens_Q	94.38	0.74	A0026
E100079703_L01_UDB-120_vae_12215	d__Bacteria;p__Bacillota_A;c__Clostridia;o__Lachnospirales;f__Lachnospiraceae;g__Blautia_A;s__Blautia_A fusiformis	100	0	A0027
E100079703_L01_UDB-120_vae_14578	d__Bacteria;p__Bacillota_A;c__Clostridia;o__Lachnospirales;f__Lachnospiraceae;g__Dorea;s__Dorea formicigenerans	99.96	3.16	A0028
E100079703_L01_UDB-120_vae_784	d__Bacteria;p__Bacillota_A;c__Clostridia;o__Lachnospirales;f__Lachnospiraceae;g__Enterocloster;s__Enterocloster clostridioformis	99.91	3.88	A0029
E100079703_L01_UDB-120_vae_10745	d__Bacteria;p__Bacteroidota;c__Bacteroidia;o__Bacteroidales;f__Bacteroidaceae;g__Phocaeicola;s__Phocaeicola dorei	100	0.06	A0025
E100079703_L01_UDB-122_aae_z_20	d__Bacteria;p__Bacillota_C;c__Negativicutes;o__Selenomonadales;f__Selenomonadaceae;g__Megamonas;s__Megamonas funiformis	100	0.05	A0030
E100079703_L01_UDB-124_vae_8685	d__Bacteria;p__Bacillota;c__Bacilli;o__Lactobacillales;f__Lactobacillaceae;g__Lacticaseibacillus;s__Lacticaseibacillus paracasei	99.93	0.01	A0031
E100079703_L01_UDB-125_vae_364	d__Bacteria;p__Bacillota_A;c__Clostridia;o__Lachnospirales;f__Lachnospiraceae;g__Dorea_A;s__Dorea_A amylophila	99.78	0.04	A0032
E100079703_L01_UDB-126_aae_z_36416	d__Bacteria;p__Bacillota_A;c__Clostridia;o__Lachnospirales;f__Lachnospiraceae;g__Limivivens;s__Limivivens sp900066135	91.71	2.71	A0034
E100079703_L01_UDB-126_aae_z_28198	d__Bacteria;p__Bacillota_A;c__Clostridia;o__Oscillospirales;f__Ruminococcaceae;g__Faecalibacterium;s__Faecalibacterium prausnitzii_I	97.86	1.41	A0033
E100079703_L01_UDB-130_vae_7288	d__Bacteria;p__Bacillota;c__Bacilli;o__Lactobacillales;f__Enterococcaceae;g__Enterococcus_B;s__Enterococcus_B durans	100	0.7	A0035
E100079703_L01_UDB-137_vae_101	d__Bacteria;p__Bacillota_C;c__Negativicutes;o__Veillonellales;f__Veillonellaceae;g__Veillonella;s__Veillonella atypica	99.98	0.16	A0036
E100079703_L01_UDB-137_vae_455	d__Bacteria;p__Bacillota;c__Bacilli;o__Lactobacillales;f__Lactobacillaceae;g__Ligilactobacillus;s__Ligilactobacillus ruminis	99.92	0.19	A0037
E100079703_L01_UDB-137_vae_6522	d__Bacteria;p__Bacillota;c__Bacilli;o__Lactobacillales;f__Streptococcaceae;g__Streptococcus;s__Streptococcus vaginalis	99.86	0.02	A0038
E100079703_L01_UDB-142_vae_30	d__Bacteria;p__Actinomycetota;c__Actinomycetes;o__Actinomycetales;f__Bifidobacteriaceae;g__Bifidobacterium;s__Bifidobacterium infantis	99.95	0.81	A0039
E100079703_L01_UDB-144_vae_11974	d__Bacteria;p__Bacillota_A;c__Clostridia;o__Clostridiales;f__Clostridiaceae;g__Clostridium;s__Clostridium baratii	98.83	0.11	A0040
E100079703_L01_UDB-146_aae_z_914	d__Bacteria;p__Bacillota_C;c__Negativicutes;o__Veillonellales;f__Veillonellaceae;g__Veillonella;s__Veillonella atypica	96.84	0.08	A0042
E100079703_L01_UDB-146_aae_z_8040	d__Bacteria;p__Pseudomonadota;c__Gammaproteobacteria;o__Enterobacterales;f__Enterobacteriaceae;g__Escherichia;s__Escherichia coli	99.99	0.41	A0041
E100079703_L01_UDB-148_vae_6254	d__Bacteria;p__Bacillota_A;c__Clostridia;o__Lachnospirales;f__Lachnospiraceae;g__Enterocloster;s__Enterocloster bolteae	99.99	3.18	A0045
E100079703_L01_UDB-148_vae_1211	d__Bacteria;p__Bacillota_C;c__Negativicutes;o__Acidaminococcales;f__Acidaminococcaceae;g__Phascolarctobacterium;s__Phascolarctobacterium faecium	99.58	0.18	A0044
E150024856_L01_UDB-11_vae_5045	d__Bacteria;p__Bacillota_A;c__Clostridia;o__Lachnospirales;f__Lachnospiraceae;g__Lacrimispora;s__	92.69	2.49	A0053
E150024856_L01_UDB-11_vae_279	d__Bacteria;p__Bacillota;c__Bacilli;o__Lactobacillales;f__Enterococcaceae;g__Enterococcus_B;s__Enterococcus_B hirae	100	0.2	A0052
E150024856_L01_UDB-12_vae_11430	d__Bacteria;p__Bacteroidota;c__Bacteroidia;o__Bacteroidales;f__Bacteroidaceae;g__Bacteroides;s__Bacteroides fragilis	99.38	0.16	A0054
E150024856_L01_UDB-12_vae_1687	d__Bacteria;p__Bacteroidota;c__Bacteroidia;o__Bacteroidales;f__Tannerellaceae;g__Parabacteroides;s__Parabacteroides distasonis	99.99	0.94	A0055
E150024856_L01_UDB-13_vae_12010	d__Bacteria;p__Bacillota_A;c__Clostridia;o__Clostridiales;f__Clostridiaceae;g__Clostridium;s__Clostridium tertium	94.65	3.66	A0056
E150024856_L01_UDB-159_vae_18946	d__Bacteria;p__Bacillota_C;c__Negativicutes;o__Veillonellales;f__Veillonellaceae;g__Veillonella;s__Veillonella atypica	99.83	0.57	A0059
E150024856_L01_UDB-168_aae_z_2038	d__Bacteria;p__Bacillota;c__Bacilli;o__Lactobacillales;f__Streptococcaceae;g__Streptococcus;s__Streptococcus lutetiensis	99.91	0.06	A0061
E150024856_L01_UDB-171_vae_115	d__Bacteria;p__Bacillota_C;c__Negativicutes;o__Veillonellales;f__Veillonellaceae;g__Veillonella_A;s__Veillonella_A seminalis	99.86	0.26	A0062
E150024856_L01_UDB-184_vae_3256	d__Bacteria;p__Bacillota_I;c__Bacilli_A;o__Erysipelotrichales;f__Erysipelotrichaceae;g__Holdemanella;s__Holdemanella sp900556915	94.13	0.64	A0066
E150024856_L01_UDB-184_aae_z_1543	d__Bacteria;p__Bacillota;c__Bacilli;o__Lactobacillales;f__Enterococcaceae;g__Enterococcus;s__Enterococcus faecalis	100	0.1	A0065
E150024856_L01_UDB-184_vae_6858	d__Bacteria;p__Bacillota;c__Bacilli;o__Lactobacillales;f__Lactobacillaceae;g__Lacticaseibacillus;s__Lacticaseibacillus rhamnosus	99.88	0.11	A0067
E150024856_L01_UDB-186_vae_5620	d__Bacteria;p__Actinomycetota;c__Coriobacteriia;o__Coriobacteriales;f__Coriobacteriaceae;g__Collinsella;s__	92.3	0.87	A0069
E150024856_L01_UDB-186_vae_7101	d__Bacteria;p__Bacillota_A;c__Clostridia;o__Lachnospirales;f__Lachnospiraceae;g__Mediterraneibacter;s__Mediterraneibacter faecis	94.4	0	A0070
E150024856_L01_UDB-191_vae_6899	d__Bacteria;p__Pseudomonadota;c__Gammaproteobacteria;o__Enterobacterales;f__Enterobacteriaceae;g__Escherichia;s__Escherichia coli	100	0.03	A0073
E150024856_L01_UDB-38_vae_3546	d__Bacteria;p__Pseudomonadota;c__Gammaproteobacteria;o__Burkholderiales;f__Burkholderiaceae;g__Sutterella;s__Sutterella wadsworthensis	96.71	1.03	A0078
E150024856_L01_UDB-40_SB_1	d__Bacteria;p__Bacillota_A;c__Clostridia;o__Clostridiales;f__Clostridiaceae;g__Clostridium;s__Clostridium neonatale	99.99	0.99	A0080
E150024856_L01_UDB-41_SB_13	d__Bacteria;p__Pseudomonadota;c__Gammaproteobacteria;o__Enterobacterales;f__Enterobacteriaceae;g__Klebsiella;s__Klebsiella pneumoniae	94.39	0.84	A0081
E150024856_L01_UDB-41_SB_34	d__Bacteria;p__Verrucomicrobiota;c__Verrucomicrobiae;o__Verrucomicrobiales;f__Akkermansiaceae;g__Akkermansia;s__Akkermansia muciniphila	100	0.36	A0082
E150024856_L01_UDB-42_vae_59072	d__Bacteria;p__Bacillota;c__Bacilli;o__Lactobacillales;f__Streptococcaceae;g__Streptococcus;s__Streptococcus sp000187445	99.63	0.11	A0083
E150024856_L01_UDB-43_SB_26	d__Bacteria;p__Actinomycetota;c__Actinomycetes;o__Actinomycetales;f__Actinomycetaceae;g__Varibaculum;s__Varibaculum cambriense_A	99.75	0.91	A0084
E150024856_L01_UDB-43_vae_10375	d__Bacteria;p__Actinomycetota;c__Actinomycetes;o__Actinomycetales;f__Bifidobacteriaceae;g__Bifidobacterium;s__Bifidobacterium longum	99.95	0.19	A0086
E150024856_L01_UDB-43_vae_6808	d__Bacteria;p__Bacillota_A;c__Clostridia;o__Lachnospirales;f__Lachnospiraceae;g__Ruminococcus_B;s__Ruminococcus_B gnavus	99.99	0.12	A0087
E150024856_L01_UDB-43_SB_35	d__Bacteria;p__Bacillota;c__Bacilli;o__Lactobacillales;f__Lactobacillaceae;g__Schleiferilactobacillus;s__Schleiferilactobacillus harbinensis	100	2.72	A0085
E150024856_L01_UDB-44_SB_22	d__Bacteria;p__Bacteroidota;c__Bacteroidia;o__Bacteroidales;f__Bacteroidaceae;g__Bacteroides;s__Bacteroides xylanisolvens	98.04	0.63	A0088
E150024856_L01_UDB-45_vae_32624	d__Bacteria;p__Actinomycetota;c__Actinomycetes;o__Actinomycetales;f__Bifidobacteriaceae;g__Bifidobacterium;s__Bifidobacterium catenulatum	99.46	0.23	A0094
E150024856_L01_UDB-45_SB_31	d__Bacteria;p__Bacillota_A;c__Clostridia;o__Lachnospirales;f__Lachnospiraceae;g__Anaerobutyricum;s__Anaerobutyricum hallii	99.79	1.57	A0091
E150024856_L01_UDB-45_SB_100	d__Bacteria;p__Bacillota_A;c__Clostridia;o__Lachnospirales;f__Lachnospiraceae;g__Fusicatenibacter;s__Fusicatenibacter saccharivorans	97.67	0.11	A0090
E150024856_L01_UDB-45_SB_39	d__Bacteria;p__Bacillota_A;c__Clostridia;o__Oscillospirales;f__Ruminococcaceae;g__Faecalibacterium;s__Faecalibacterium longum	97.12	0.08	A0092
E150024856_L01_UDB-46_SB_11	d__Bacteria;p__Bacillota_A;c__Clostridia;o__Clostridiales;f__Clostridiaceae;g__Clostridium;s__Clostridium butyricum	99.15	1.14	A0095
E150024856_L01_UDB-46_aae_z_2381	d__Bacteria;p__Bacillota;c__Bacilli;o__Lactobacillales;f__Streptococcaceae;g__Streptococcus;s__Streptococcus mutans	100	0.08	A0097
E150024856_L01_UDB-46_SB_9	d__Bacteria;p__Pseudomonadota;c__Gammaproteobacteria;o__Enterobacterales;f__Enterobacteriaceae;g__Atlantibacter;s__Atlantibacter hermannii	96.82	4.06	A0096
E150024856_L01_UDB-48_vae_130	d__Bacteria;p__Bacillota;c__Bacilli;o__Lactobacillales;f__Lactobacillaceae;g__Pediococcus;s__Pediococcus acidilactici	99.87	1.41	A0100
E150024856_L01_UDB-48_vae_2356	d__Bacteria;p__Pseudomonadota;c__Gammaproteobacteria;o__Burkholderiales;f__Burkholderiaceae;g__Parasutterella;s__Parasutterella excrementihominis	100	0.8	A0101
E150024856_L01_UDB-49_vae_6296	d__Bacteria;p__Bacillota_A;c__Clostridia;o__Lachnospirales;f__Lachnospiraceae;g__Blautia_A;s__Blautia_A wexlerae	98.98	0.08	A0104
E150024856_L01_UDB-49_SB_19	d__Bacteria;p__Bacillota_C;c__Negativicutes;o__Veillonellales;f__Veillonellaceae;g__Veillonella;s__Veillonella sp018376995	99.69	4.69	A0102
E150024856_L01_UDB-49_vae_8717	d__Bacteria;p__Bacillota;c__Bacilli;o__Lactobacillales;f__Lactobacillaceae;g__Lacticaseibacillus;s__Lacticaseibacillus rhamnosus	99.95	0.09	A0105
E150024856_L01_UDB-50_SB_87	d__Bacteria;p__Actinomycetota;c__Actinomycetes;o__Actinomycetales;f__Bifidobacteriaceae;g__Bifidobacterium;s__Bifidobacterium dentium	99.95	0.44	A0114
E150024856_L01_UDB-50_SB_15	d__Bacteria;p__Actinomycetota;c__Coriobacteriia;o__Coriobacteriales;f__Atopobiaceae;g__Atopobium;s__Atopobium minutum	91.41	3.06	A0106
E150024856_L01_UDB-50_aae_z_41002	d__Bacteria;p__Actinomycetota;c__Coriobacteriia;o__Coriobacteriales;f__Coriobacteriaceae;g__Collinsella;s__	90.28	2.13	A0118
E150024856_L01_UDB-50_SB_82	d__Bacteria;p__Bacillota_A;c__Clostridia;o__Lachnospirales;f__Lachnospiraceae;g__Anaerostipes;s__Anaerostipes caccae	99.99	1.15	A0112
E150024856_L01_UDB-50_SB_86	d__Bacteria;p__Bacillota_A;c__Clostridia;o__Lachnospirales;f__Lachnospiraceae;g__Roseburia;s__Roseburia intestinalis	98.93	0.28	A0113
E150024856_L01_UDB-50_SB_19	d__Bacteria;p__Bacillota_A;c__Clostridia;o__Oscillospirales;f__Ruminococcaceae;g__Merdimmobilis;s__Merdimmobilis hominis	99.24	0.41	A0107
E150024856_L01_UDB-50_vae_23683	d__Bacteria;p__Bacillota_A;c__Clostridia;o__Oscillospirales;f__Ruminococcaceae;g__Ruminiclostridium_E;s__Ruminiclostridium_E sp900539195	100	0.37	A0120
E150024856_L01_UDB-50_aae_z_28654	d__Bacteria;p__Bacillota_A;c__Clostridia;o__Oscillospirales;f__Ruminococcaceae;g__Ruthenibacterium;s__Ruthenibacterium avium	93.6	0.71	A0117
E150024856_L01_UDB-50_vae_1891	d__Bacteria;p__Bacillota_A;c__Clostridia;o__Tissierellales;f__Peptoniphilaceae;g__Peptoniphilus_A;s__Peptoniphilus_A gorbachii	99.95	0	A0119
E150024856_L01_UDB-50_SB_30	d__Bacteria;p__Bacillota_C;c__Negativicutes;o__Veillonellales;f__Megasphaeraceae;g__Anaeroglobus;s__Anaeroglobus micronuciformis	99.67	0.38	A0109
E150024856_L01_UDB-50_SB_70	d__Bacteria;p__Bacillota_C;c__Negativicutes;o__Veillonellales;f__Megasphaeraceae;g__Anaeroglobus;s__Anaeroglobus vaginalis	96.62	0	A0111
E150024856_L01_UDB-50_SB_40	d__Bacteria;p__Bacillota_I;c__Bacilli_A;o__Erysipelotrichales;f__Coprobacillaceae;g__Faecalibacillus;s__Faecalibacillus intestinalis	99.38	1.19	A0110
E150024856_L01_UDB-50_aae_z_2264	d__Bacteria;p__Bacillota;c__Bacilli;o__Lactobacillales;f__Lactobacillaceae;g__Limosilactobacillus;s__Limosilactobacillus fermentum	99.98	0.04	A0116
E150024856_L01_UDB-50_SB_27	d__Bacteria;p__Pseudomonadota;c__Gammaproteobacteria;o__Burkholderiales;f__Burkholderiaceae;g__Sutterella;s__Sutterella sp900762445	97.47	0.38	A0108
E150024856_L01_UDB-51_SB_8	d__Bacteria;p__Actinomycetota;c__Actinomycetes;o__Actinomycetales;f__Bifidobacteriaceae;g__Bifidobacterium;s__Bifidobacterium infantis	99.98	0.29	A0121
E150024856_L01_UDB-52_SB_13	d__Bacteria;p__Actinomycetota;c__Actinomycetes;o__Actinomycetales;f__Bifidobacteriaceae;g__Bifidobacterium;s__Bifidobacterium bifidum	99.9	1	A0123
E150024856_L01_UDB-52_vae_30486	d__Bacteria;p__Bacillota_A;c__Clostridia;o__Lachnospirales;f__CAG-274;g__Tyzzerella;s__Tyzzerella sp018371275	97.19	0.43	A0124
E150024856_L01_UDB-52_vae_354	d__Bacteria;p__Pseudomonadota;c__Gammaproteobacteria;o__Enterobacterales;f__Pasteurellaceae;g__Haemophilus;s__Haemophilus haemolyticus_K	100	0.08	A0125
E150024856_L01_UDB-53_SB_16	d__Bacteria;p__Bacillota;c__Bacilli;o__Lactobacillales;f__Enterococcaceae;g__Enterococcus_B;s__Enterococcus_B faecium	99.97	0.25	A0126
E150024856_L01_UDB-53_vae_10203	d__Bacteria;p__Bacillota;c__Bacilli;o__Lactobacillales;f__Lactobacillaceae;g__Lacticaseibacillus;s__Lacticaseibacillus rhamnosus	99.96	0.08	A0127
E150024856_L01_UDB-54_SB_64	d__Bacteria;p__Bacillota_A;c__Clostridia;o__Lachnospirales;f__Lachnospiraceae;g__Ruminococcus_B;s__Ruminococcus_B gnavus	99.91	0.05	A0129
E150024856_L01_UDB-54_vae_23854	d__Bacteria;p__Bacillota;c__Bacilli;o__Lactobacillales;f__Lactobacillaceae;g__Ligilactobacillus;s__Ligilactobacillus sp900765635	100	0.03	A0131
E150024856_L01_UDB-54_aae_z_21703	d__Bacteria;p__Bacteroidota;c__Bacteroidia;o__Bacteroidales;f__Dysgonomonadaceae;g__Dysgonomonas;s__Dysgonomonas capnocytophagoides	99.54	0.04	A0130
E150024856_L01_UDB-55_vae_829	d__Bacteria;p__Actinomycetota;c__Actinomycetes;o__Actinomycetales;f__Actinomycetaceae;g__Pauljensenia;s__Pauljensenia sp900541895	99.48	1.31	A0133
E150024856_L01_UDB-56_SB_26	d__Bacteria;p__Bacillota_C;c__Negativicutes;o__Veillonellales;f__Veillonellaceae;g__Veillonella;s__Veillonella sp018376995	99.97	0.17	A0135
E150024856_L01_UDB-56_vae_40046	d__Bacteria;p__Bacillota;c__Bacilli;o__Lactobacillales;f__Enterococcaceae;g__Enterococcus_D;s__Enterococcus_D innesii	99.84	1.27	A0136
E150024856_L01_UDB-57_SB_30	d__Bacteria;p__Bacillota_A;c__Clostridia;o__Lachnospirales;f__Lachnospiraceae;g__Anaerostipes;s__Anaerostipes hadrus	99.97	0.87	A0138
E150024856_L01_UDB-57_SB_125	d__Bacteria;p__Bacillota_C;c__Negativicutes;o__Veillonellales;f__Megasphaeraceae;g__Anaeroglobus;s__Anaeroglobus micronuciformis	98.88	1.36	A0137
E150024856_L01_UDB-57_aae_z_36167	d__Bacteria;p__Bacillota_I;c__Bacilli_A;o__Erysipelotrichales;f__Coprobacillaceae;g__Coprobacillus;s__Coprobacillus cateniformis	93.06	0.82	A0140
E150024856_L01_UDB-57_vae_41428	d__Bacteria;p__Bacillota;c__Bacilli;o__Lactobacillales;f__Lactobacillaceae;g__Limosilactobacillus;s__Limosilactobacillus mucosae	100	0.05	A0142
E150024856_L01_UDB-58_SB_286	d__Bacteria;p__Bacillota_A;c__Clostridia;o__Lachnospirales;f__CAG-274;g__CAG-274;s__CAG-274 sp000432155	95.93	0.15	A0159
E150024856_L01_UDB-58_SB_8	d__Bacteria;p__Bacillota_A;c__Clostridia;o__Lachnospirales;f__Lachnospiraceae;g__Blautia_A;s__Blautia_A faecis	91.92	0.62	A0162
E150024856_L01_UDB-58_SB_26	d__Bacteria;p__Bacillota_A;c__Clostridia;o__Lachnospirales;f__Lachnospiraceae;g__Blautia_A;s__Blautia_A sp900066355	93.14	1.32	A0158
E150024856_L01_UDB-58_SB_113	d__Bacteria;p__Bacillota_A;c__Clostridia;o__Lachnospirales;f__Lachnospiraceae;g__COE1;s__COE1 sp001916965	91.5	0.7	A0149
E150024856_L01_UDB-58_SB_115	d__Bacteria;p__Bacillota_A;c__Clostridia;o__Lachnospirales;f__Lachnospiraceae;g__Gallintestinimicrobium;s__Gallintestinimicrobium propionicum	99.33	0.43	A0150
E150024856_L01_UDB-58_vae_161	d__Bacteria;p__Bacillota_A;c__Clostridia;o__Lachnospirales;f__Lachnospiraceae;g__Lachnospira;s__Lachnospira eligens	99.81	0.19	A0166
E150024856_L01_UDB-58_SB_108	d__Bacteria;p__Bacillota_A;c__Clostridia;o__Monoglobales;f__Monoglobaceae;g__Monoglobus;s__Monoglobus pectinilyticus	99.8	0.08	A0147
E150024856_L01_UDB-58_vae_16530	d__Bacteria;p__Bacillota_A;c__Clostridia;o__Oscillospirales;f__Acutalibacteraceae;g__Eubacterium_R;s__Eubacterium_R sp000436835	98.64	0.09	A0167
E150024856_L01_UDB-58_SB_309	d__Bacteria;p__Bacillota_A;c__Clostridia;o__Oscillospirales;f__Acutalibacteraceae;g__Hominenteromicrobium;s__Hominenteromicrobium mulieris	100	0.02	A0160
E150024856_L01_UDB-58_SB_215	d__Bacteria;p__Bacillota_A;c__Clostridia;o__Oscillospirales;f__Acutalibacteraceae;g__UMGS1071;s__UMGS1071 sp900542375	97.84	0.33	A0156
E150024856_L01_UDB-58_SB_102	d__Bacteria;p__Bacillota_A;c__Clostridia;o__TANB77;f__CAG-508;g__CAG-245;s__CAG-245 sp000435175	100	3.25	A0144
E150024856_L01_UDB-58_SB_227	d__Bacteria;p__Bacteroidota;c__Bacteroidia;o__Bacteroidales;f__Rikenellaceae;g__Alistipes;s__Alistipes onderdonkii	95.55	2.18	A0157
E150024856_L01_UDB-58_SB_106	d__Bacteria;p__Pseudomonadota;c__Alphaproteobacteria;o__RF32;f__CAG-239;g__CAG-267;s__CAG-267 sp001917135	99.77	1.29	A0146
E150024856_L01_UDB-59_SB_302	d__Bacteria;p__Actinomycetota;c__Coriobacteriia;o__Coriobacteriales;f__Eggerthellaceae;g__Anaerotardibacter;s__Anaerotardibacter sp900547965	100	0.08	A0183
E150024856_L01_UDB-59_SB_305	d__Bacteria;p__Actinomycetota;c__Coriobacteriia;o__Coriobacteriales;f__Eggerthellaceae;g__Slackia;s__Slackia isoflavoniconvertens	90.5	1.75	A0184
E150024856_L01_UDB-59_SB_109	d__Bacteria;p__Bacillota_A;c__Clostridia;o__Christensenellales;f__Aristaeellaceae;g__UBA11524;s__UBA11524 sp000437595	97.18	1.16	A0169
E150024856_L01_UDB-59_SB_189	d__Bacteria;p__Bacillota_A;c__Clostridia;o__Christensenellales;f__Aristaeellaceae;g__Ventricola;s__Ventricola sp900542445	90.51	0.58	A0178
E150024856_L01_UDB-59_SB_42	d__Bacteria;p__Bacillota_A;c__Clostridia;o__Lachnospirales;f__Lachnospiraceae;g__Butyribacter;s__Butyribacter sp003529475	93.3	0.38	A0188
E150024856_L01_UDB-59_SB_166	d__Bacteria;p__Bacillota_A;c__Clostridia;o__Lachnospirales;f__Lachnospiraceae;g__Dorea_D;s__Dorea_D hominis	96.73	2.45	A0175
E150024856_L01_UDB-59_SB_319	d__Bacteria;p__Bacillota_A;c__Clostridia;o__Lachnospirales;f__Lachnospiraceae;g__Eubacterium_F;s__Eubacterium_F sp003491505	99.97	0.03	A0185
E150024856_L01_UDB-59_SB_436	d__Bacteria;p__Bacillota_A;c__Clostridia;o__Lachnospirales;f__Lachnospiraceae;g__Eubacterium_G;s__Eubacterium_G ventriosum	99.63	0.02	A0189
E150024856_L01_UDB-59_SB_592	d__Bacteria;p__Bacillota_A;c__Clostridia;o__Oscillospirales;f__Acutalibacteraceae;g__CAG-177;s__CAG-177 sp003514385	97.77	0.68	A0191
E150024856_L01_UDB-59_SB_52	d__Bacteria;p__Bacillota_A;c__Clostridia;o__Oscillospirales;f__Oscillospiraceae;g__Dysosmobacter;s__Dysosmobacter segnis	96.95	2.02	A0190
E150024856_L01_UDB-59_SB_102	d__Bacteria;p__Bacillota_A;c__Clostridia;o__Oscillospirales;f__Oscillospiraceae;g__Evtepia;s__Evtepia sp004556345	92.8	2.31	A0168
E150024856_L01_UDB-59_SB_217	d__Bacteria;p__Bacillota_A;c__Clostridia;o__Oscillospirales;f__Oscillospiraceae;g__Hominicoprocola;s__Hominicoprocola fusiformis	97.16	0.28	A0181
E150024856_L01_UDB-59_SB_110	d__Bacteria;p__Bacillota_A;c__Clostridia;o__Oscillospirales;f__Oscillospiraceae;g__Vescimonas;s__Vescimonas sp000435975	92.55	0.05	A0170
E150024856_L01_UDB-59_SB_138	d__Bacteria;p__Bacillota_A;c__Clostridia;o__Oscillospirales;f__Ruminococcaceae;g__Negativibacillus;s__Negativibacillus sp000435195	93.24	0.64	A0173
E150024856_L01_UDB-59_SB_177	d__Bacteria;p__Bacillota_A;c__Clostridia;o__Oscillospirales;f__Ruminococcaceae;g__Ruminococcus_C;s__Ruminococcus_C sp000980705	99.98	0.85	A0177
E150024856_L01_UDB-59_SB_330	d__Bacteria;p__Bacillota_A;c__Clostridia;o__TANB77;f__CAG-508;g__CAG-245;s__CAG-245 sp934119935	100	4.92	A0186
E150024856_L01_UDB-59_SB_193	d__Bacteria;p__Bacillota_A;c__Clostridia;o__TANB77;f__CAG-508;g__CAG-269;s__CAG-269 sp001916055	98.85	3.33	A0180
E150024856_L01_UDB-59_SB_145	d__Bacteria;p__Bacteroidota;c__Bacteroidia;o__Bacteroidales;f__Bacteroidaceae;g__Paraprevotella;s__Paraprevotella clara	99.97	0.17	A0174
E150024856_L01_UDB-59_vae_120703	d__Bacteria;p__Bacteroidota;c__Bacteroidia;o__Bacteroidales;f__Barnesiellaceae;g__Barnesiella;s__Barnesiella intestinihominis	99.97	0.04	A0193
E150024856_L01_UDB-59_SB_84	d__Bacteria;p__Bacteroidota;c__Bacteroidia;o__Bacteroidales;f__Muribaculaceae;g__Limisoma;s__Limisoma sp000437795	99.82	0.07	A0192
E150024856_L01_UDB-59_SB_118	d__Bacteria;p__Bacteroidota;c__Bacteroidia;o__Bacteroidales;f__Rikenellaceae;g__Alistipes;s__Alistipes shahii	92.79	0.8	A0171
E150024856_L01_UDB-59_SB_395	d__Bacteria;p__Bacteroidota;c__Bacteroidia;o__Bacteroidales;f__Rikenellaceae;g__Tidjanibacter;s__Tidjanibacter inops	99.96	0.03	A0187
E150024856_L01_UDB-6_vae_20276	d__Bacteria;p__Bacteroidota;c__Bacteroidia;o__Bacteroidales;f__Bacteroidaceae;g__Prevotella;s__Prevotella oris	99.79	0.19	A0336
E150024856_L01_UDB-60_SB_88	d__Bacteria;p__Bacillota_A;c__Clostridia;o__Lachnospirales;f__Lachnospiraceae;g__CAG-194;s__CAG-194 sp000432915	95.55	4.15	A0220
E150024856_L01_UDB-60_SB_324	d__Bacteria;p__Bacillota_A;c__Clostridia;o__Lachnospirales;f__Lachnospiraceae;g__Coprococcus;s__Coprococcus ammoniilyticus	99.56	3.27	A0210
E150024856_L01_UDB-60_SB_188	d__Bacteria;p__Bacillota_A;c__Clostridia;o__Oscillospirales;f__Acutalibacteraceae;g__CAG-177;s__CAG-177 sp000431775	98.16	0.98	A0204
E150024856_L01_UDB-60_SB_318	d__Bacteria;p__Bacillota_A;c__Clostridia;o__Oscillospirales;f__Acutalibacteraceae;g__CAG-217;s__CAG-217 sp000436335	99.74	0.29	A0208
E150024856_L01_UDB-60_vae_123887	d__Bacteria;p__Bacillota_A;c__Clostridia;o__Oscillospirales;f__Acutalibacteraceae;g__Ruminococcus_E;s__Ruminococcus_E bromii_B	99.95	0.67	A0224
E150024856_L01_UDB-60_SB_264	d__Bacteria;p__Bacillota_A;c__Clostridia;o__Oscillospirales;f__Acutalibacteraceae;g__UMGS1491;s__UMGS1491 sp900554335	94.8	0.04	A0206
E150024856_L01_UDB-60_SB_148	d__Bacteria;p__Bacillota_A;c__Clostridia;o__Oscillospirales;f__CAG-382;g__UBA1752;s__UBA1752 sp900554405	97.52	0.24	A0197
E150024856_L01_UDB-60_SB_84	d__Bacteria;p__Bacillota_C;c__Negativicutes;o__Veillonellales;f__Dialisteraceae;g__Dialister;s__Dialister sp000434475	99.87	0.88	A0219
E150024856_L01_UDB-60_SB_163	d__Bacteria;p__Bacillota_I;c__Bacilli_A;o__RF39;f__UBA660;g__CAG-302;s__CAG-302 sp900543825	93.05	0.96	A0201
E150024856_L01_UDB-60_SB_162	d__Bacteria;p__Bacillota_I;c__Bacilli_A;o__RF39;f__UBA660;g__CAG-302;s__CAG-302 sp934162325	93.67	1.55	A0200
E150024856_L01_UDB-60_SB_95	d__Bacteria;p__Bacillota_I;c__Bacilli_A;o__RF39;f__UBA660;g__CAG-533;s__CAG-533 sp000434495	92.26	0.72	A0221
E150024856_L01_UDB-60_SB_159	d__Bacteria;p__Bacillota_I;c__Bacilli_A;o__RF39;f__UBA660;g__CAG-628;s__CAG-628 sp003524085	94.5	1.57	A0199
E150024856_L01_UDB-60_SB_285	d__Bacteria;p__Bacillota_I;c__Bacilli_A;o__RF39;f__UBA660;g__Onthocola_B;s__Onthocola_B sp900544625	92.6	0.58	A0207
E150024856_L01_UDB-60_SB_183	d__Bacteria;p__Bacteroidota;c__Bacteroidia;o__Bacteroidales;f__Bacteroidaceae;g__Bacteroides;s__Bacteroides uniformis	94.53	0.71	A0203
E150024856_L01_UDB-60_SB_223	d__Bacteria;p__Bacteroidota;c__Bacteroidia;o__Bacteroidales;f__Bacteroidaceae;g__UBA6398;s__UBA6398 sp003150315	94.97	0.36	A0205
E150024856_L01_UDB-60_SB_35	d__Bacteria;p__Bacteroidota;c__Bacteroidia;o__Bacteroidales;f__Marinifilaceae;g__Odoribacter;s__Odoribacter splanchnicus	97.68	1.31	A0213
E150024856_L01_UDB-60_vae_146635	d__Bacteria;p__Bacteroidota;c__Bacteroidia;o__Bacteroidales;f__Muribaculaceae;g__Sodaliphilus;s__Sodaliphilus sp004557565	93.47	0.33	A0225
E150024856_L01_UDB-60_SB_65	d__Bacteria;p__Bacteroidota;c__Bacteroidia;o__Bacteroidales;f__Tannerellaceae;g__Parabacteroides;s__Parabacteroides massiliensis	93.31	3.44	A0216
E150024856_L01_UDB-60_SB_180	d__Bacteria;p__Bacteroidota;c__Bacteroidia;o__Bacteroidales;f__UBA932;g__Cryptobacteroides;s__Cryptobacteroides sp000432515	96.67	2.09	A0202
E150024856_L01_UDB-60_SB_158	d__Bacteria;p__Pseudomonadota;c__Alphaproteobacteria;o__RF32;f__CAG-239;g__RUG410;s__RUG410 sp900553115	100	0.29	A0198
E150024856_L01_UDB-60_SB_34	d__Bacteria;p__Spirochaetota;c__Brachyspirae;o__Brachyspirales;f__Brachyspiraceae;g__Brachyspira;s__Brachyspira aalborgi	94.42	1.11	A0212
E150024856_L01_UDB-61_SB_136	d__Bacteria;p__Bacillota_A;c__Clostridia;o__Christensenellales;f__Aristaeellaceae;g__UBA11524;s__UBA11524 sp000437595	93.56	1.7	A0228
E150024856_L01_UDB-61_SB_120	d__Bacteria;p__Bacillota_A;c__Clostridia;o__Lachnospirales;f__Lachnospiraceae;g__Lachnospira;s__Lachnospira hominis	92	1.53	A0227
E150024856_L01_UDB-61_vae_72663	d__Bacteria;p__Bacillota_A;c__Clostridia;o__Oscillospirales;f__Acutalibacteraceae;g__Clostridium_A;s__Clostridium_A leptum	98.59	0.18	A0241
E150024856_L01_UDB-61_vae_80250	d__Bacteria;p__Bacillota_A;c__Clostridia;o__Oscillospirales;f__Oscillospiraceae;g__Hominicoprocola;s__Hominicoprocola sp934835795	97.66	0.48	A0243
E150024856_L01_UDB-61_SB_40	d__Bacteria;p__Bacillota_A;c__Clostridia;o__Oscillospirales;f__Oscillospiraceae;g__Vescimonas;s__Vescimonas coprocola	96.92	0.07	A0233
E150024856_L01_UDB-61_SB_52	d__Bacteria;p__Bacillota_A;c__Clostridia;o__Oscillospirales;f__Ruminococcaceae;g__Gemmiger;s__Gemmiger qucibialis	95.35	0.35	A0235
E150024856_L01_UDB-61_vae_760	d__Bacteria;p__Bacillota_A;c__Clostridia;o__Oscillospirales;f__Ruminococcaceae;g__Hominimerdicola;s__Hominimerdicola aceti	99.97	2.06	A0242
E150024856_L01_UDB-61_SB_269	d__Bacteria;p__Bacillota_C;c__Negativicutes;o__Veillonellales;f__Dialisteraceae;g__Dialister;s__Dialister invisus	94.08	0.24	A0232
E150024856_L01_UDB-61_vae_3591	d__Bacteria;p__Bacteroidota;c__Bacteroidia;o__Bacteroidales;f__Marinifilaceae;g__Butyricimonas;s__Butyricimonas virosa	99.94	1.53	A0240
E150024856_L01_UDB-63_SB_110	d__Bacteria;p__Actinomycetota;c__Actinomycetes;o__Actinomycetales;f__Bifidobacteriaceae;g__Bifidobacterium;s__Bifidobacterium pseudocatenulatum	100	0.78	A0280
E150024856_L01_UDB-63_SB_93	d__Bacteria;p__Actinomycetota;c__Coriobacteriia;o__Coriobacteriales;f__Coriobacteriaceae;g__Collinsella;s__Collinsella sp905215835	98.05	1.4	A0306
E150024856_L01_UDB-63_SB_108	d__Bacteria;p__Bacillota_A;c__Clostridia;o__Christensenellales;f__Aristaeellaceae;g__UBA11524;s__UBA11524 sp000437595	97.16	1.09	A0279
E150024856_L01_UDB-63_SB_65	d__Bacteria;p__Bacillota_A;c__Clostridia;o__Christensenellales;f__QALW01;g__UMGS1338;s__UMGS1338 sp900550805	100	0.29	A0299
E150024856_L01_UDB-63_vae_51877	d__Bacteria;p__Bacillota_A;c__Clostridia;o__Lachnospirales;f__Lachnospiraceae;g__Anaerobutyricum;s__Anaerobutyricum soehngenii	93.34	1.33	A0308
E150024856_L01_UDB-63_SB_58	d__Bacteria;p__Bacillota_A;c__Clostridia;o__Lachnospirales;f__Lachnospiraceae;g__Anthropogastromicrobium;s__Anthropogastromicrobium aceti	98.95	0.32	A0297
E150024856_L01_UDB-63_SB_208	d__Bacteria;p__Bacillota_A;c__Clostridia;o__Lachnospirales;f__Lachnospiraceae;g__Dorea_A;s__Dorea_A longicatena	95.39	1.92	A0286
E150024856_L01_UDB-63_SB_212	d__Bacteria;p__Bacillota_A;c__Clostridia;o__Lachnospirales;f__Lachnospiraceae;g__Eubacterium_F;s__Eubacterium_F sp000433735	99.96	0.04	A0288
E150024856_L01_UDB-63_SB_211	d__Bacteria;p__Bacillota_A;c__Clostridia;o__Lachnospirales;f__Lachnospiraceae;g__Eubacterium_F;s__Eubacterium_F sp900539115	98.84	0	A0287
E150024856_L01_UDB-63_SB_107	d__Bacteria;p__Bacillota_A;c__Clostridia;o__Lachnospirales;f__Lachnospiraceae;g__Mediterraneibacter;s__Mediterraneibacter torques	99.68	0.52	A0278
E150024856_L01_UDB-63_SB_307	d__Bacteria;p__Bacillota_A;c__Clostridia;o__Oscillospirales;f__Acutalibacteraceae;g__CAG-217;s__CAG-217 sp000436335	100	0.95	A0291
E150024856_L01_UDB-63_SB_306	d__Bacteria;p__Bacillota_A;c__Clostridia;o__Oscillospirales;f__Acutalibacteraceae;g__Fimenecus;s__Fimenecus sp000432435	97.33	0	A0290
E150024856_L01_UDB-63_SB_74	d__Bacteria;p__Bacillota_A;c__Clostridia;o__Oscillospirales;f__Oscillospiraceae;g__Vescimonas;s__Vescimonas sp000435555	95.05	3.64	A0302
E150024856_L01_UDB-63_SB_81	d__Bacteria;p__Bacillota_A;c__Clostridia;o__Oscillospirales;f__Ruminococcaceae;g__Angelakisella;s__Angelakisella sp900547385	97.62	0.56	A0303
E150024856_L01_UDB-63_SB_182	d__Bacteria;p__Bacillota_A;c__Clostridia;o__Oscillospirales;f__Ruminococcaceae;g__Ruminiclostridium_E;s__Ruminiclostridium_E siraeum	99.99	0.21	A0284
E150024856_L01_UDB-63_vae_71841	d__Bacteria;p__Bacillota_A;c__Clostridia;o__TANB77;f__CAG-508;g__CAG-245;s__CAG-245 sp000435175	95.42	2.76	A0310
E150024856_L01_UDB-63_SB_72	d__Bacteria;p__Bacillota_A;c__Clostridia;o__UBA1381;f__UBA1381;g__Hominilimicola;s__Hominilimicola fabiformis	91.23	0.03	A0301
E150024856_L01_UDB-63_vae_9376	d__Bacteria;p__Bacillota_C;c__Negativicutes;o__Acidaminococcales;f__Acidaminococcaceae;g__Phascolarctobacterium_A;s__Phascolarctobacterium_A succinatutens	100	0.05	A0311
E150024856_L01_UDB-63_SB_91	d__Bacteria;p__Bacillota_I;c__Bacilli_A;o__Erysipelotrichales;f__Coprobacillaceae;g__Faecalibacillus;s__Faecalibacillus faecis	99.59	2.21	A0305
E150024856_L01_UDB-63_SB_52	d__Bacteria;p__Bacillota_I;c__Bacilli_A;o__Erysipelotrichales;f__Erysipelotrichaceae;g__Holdemanella;s__Holdemanella biformis	92.07	0.79	A0295
E150024856_L01_UDB-63_SB_311	d__Bacteria;p__Bacillota_I;c__Bacilli_A;o__RF39;f__UBA660;g__CAG-417;s__CAG-417 sp000432835	93.64	3.12	A0292
E150024856_L01_UDB-63_SB_193	d__Bacteria;p__Bacillota;c__Bacilli;o__Lactobacillales;f__Streptococcaceae;g__Streptococcus;s__Streptococcus thermophilus	99.99	1.39	A0285
E150024856_L01_UDB-63_SB_179	d__Bacteria;p__Bacteroidota;c__Bacteroidia;o__Bacteroidales;f__Rikenellaceae;g__Alistipes;s__Alistipes putredinis	99.91	1.42	A0283
E150024856_L01_UDB-63_SB_344	d__Bacteria;p__Bacteroidota;c__Bacteroidia;o__Bacteroidales;f__Tannerellaceae;g__Parabacteroides;s__Parabacteroides merdae	99.91	0.06	A0294
E150024856_L01_UDB-63_SB_325	d__Bacteria;p__Bacteroidota;c__Bacteroidia;o__Bacteroidales;f__UBA11471;g__Caccoplasma;s__Caccoplasma intestinavium	99.96	0.03	A0293
E150024856_L01_UDB-63_SB_174	d__Bacteria;p__Pseudomonadota;c__Alphaproteobacteria;o__RF32;f__CAG-239;g__51-20;s__51-20 sp001917175	98.58	0.65	A0282
E150024856_L01_UDB-64_SB_178	d__Bacteria;p__Actinomycetota;c__Coriobacteriia;o__Coriobacteriales;f__Eggerthellaceae;g__Anaerotardibacter;s__Anaerotardibacter sp900753095	100	0.01	A0317
E150024856_L01_UDB-64_SB_27	d__Bacteria;p__Actinomycetota;c__Coriobacteriia;o__Coriobacteriales;f__Eggerthellaceae;g__Ellagibacter;s__Ellagibacter isourolithinifaciens	92.87	0.87	A0323
E150024856_L01_UDB-64_SB_267	d__Bacteria;p__Bacillota_A;c__Clostridia;o__Lachnospirales;f__Lachnospiraceae;g__Agathobacter;s__Agathobacter faecis	97.44	1.48	A0322
E150024856_L01_UDB-64_SB_389	d__Bacteria;p__Bacillota_A;c__Clostridia;o__Lachnospirales;f__Lachnospiraceae;g__Coprococcus;s__Coprococcus aceti	98.98	0.68	A0329
E150024856_L01_UDB-64_SB_307	d__Bacteria;p__Bacillota_A;c__Clostridia;o__Lachnospirales;f__Lachnospiraceae;g__UBA11774;s__UBA11774 sp003507655	99.16	0.26	A0324
E150024856_L01_UDB-64_vae_161385	d__Bacteria;p__Bacillota_A;c__Clostridia;o__Oscillospirales;f__Acutalibacteraceae;g__CAG-177;s__CAG-177 sp003514385	98.32	0.84	A0335
E150024856_L01_UDB-64_SB_685	d__Bacteria;p__Bacillota_A;c__Clostridia;o__Oscillospirales;f__Acutalibacteraceae;g__Eubacterium_R;s__Eubacterium_R sp000434995	98.96	2.78	A0330
E150024856_L01_UDB-64_SB_251	d__Bacteria;p__Bacillota_A;c__Clostridia;o__Oscillospirales;f__Acutalibacteraceae;g__Ruminococcus_E;s__Ruminococcus_E bromii	100	2.32	A0321
E150024856_L01_UDB-64_SB_219	d__Bacteria;p__Bacillota_A;c__Clostridia;o__Oscillospirales;f__Acutalibacteraceae;g__UBA737;s__	94.63	1.04	A0319
E150024856_L01_UDB-64_SB_99	d__Bacteria;p__Bacillota_A;c__Clostridia;o__Oscillospirales;f__Oscillospiraceae;g__Dysosmobacter;s__Dysosmobacter segnis	90.95	2.62	A0333
E150024856_L01_UDB-64_SB_171	d__Bacteria;p__Bacillota_A;c__Clostridia;o__Peptostreptococcales;f__Anaerovoracaceae;g__Lentihominibacter;s__Lentihominibacter faecis	98.28	1.92	A0316
E150024856_L01_UDB-64_SB_386	d__Bacteria;p__Bacillota_A;c__Clostridia;o__TANB77;f__CAG-508;g__CAG-273;s__CAG-273 sp000435755	100	0.59	A0328
E150024856_L01_UDB-64_SB_229	d__Bacteria;p__Bacillota_C;c__Negativicutes;o__Veillonellales;f__Megasphaeraceae;g__Caecibacter;s__Caecibacter sp003467125	99.97	0	A0320
E150024856_L01_UDB-64_SB_328	d__Bacteria;p__Bacillota_I;c__Bacilli_A;o__RF39;f__UBA660;g__CAG-433;s__CAG-433 sp000433675	94.53	1.06	A0325
E150024856_L01_UDB-64_SB_37	d__Bacteria;p__Bacteroidota;c__Bacteroidia;o__Bacteroidales;f__Rikenellaceae;g__Alistipes;s__Alistipes avistercoris	91.69	2.61	A0327
E150024856_L01_UDB-7_vae_6061	d__Bacteria;p__Bacillota_A;c__Clostridia;o__Tissierellales;f__Peptoniphilaceae;g__Peptoniphilus_A;s__Peptoniphilus_A harei_A	99.61	0.04	A0337
E150024856_L01_UDB-8_aae_z_2061	d__Bacteria;p__Bacillota_C;c__Negativicutes;o__Veillonellales;f__Dialisteraceae;g__Allisonella;s__Allisonella pneumosinta	99.57	0.4	A0338
E150024856_L01_UDB-9_vae_6577	d__Bacteria;p__Bacillota_A;c__Clostridia;o__Lachnospirales;f__Lachnospiraceae;g__Agathobacter;s__Agathobacter rectalis	97.17	0.31	A0342
E150024856_L01_UDB-9_vae_7805	d__Bacteria;p__Bacillota_A;c__Clostridia;o__Lachnospirales;f__Lachnospiraceae;g__Dorea;s__Dorea formicigenerans	99.55	0.17	A0343
E150024856_L01_UDB-9_vae_869	d__Bacteria;p__Bacillota_A;c__Clostridia;o__Lachnospirales;f__Lachnospiraceae;g__Lachnospira;s__Lachnospira eligens_A	99.7	0.41	A0344
E100079703_L01_UDB-135_vae_6514	d__Bacteria;p__Bacteroidota;c__Bacteroidia;o__Bacteroidales;f__Bacteroidaceae;g__Bacteroides;s__Bacteroides xylanisolvens	97.36	0.39	A0072
E150024856_L01_UDB-55_SB_18	d__Bacteria;p__Bacteroidota;c__Bacteroidia;o__Bacteroidales;f__Bacteroidaceae;g__Bacteroides;s__Bacteroides thetaiotaomicron	99.96	0.12	A0063
E150024856_L01_UDB-60_SB_109	d__Bacteria;p__Actinomycetota;c__Actinomycetes;o__Actinomycetales;f__Bifidobacteriaceae;g__Bifidobacterium;s__Bifidobacterium adolescentis	100	0.45	A0276
E150024856_L01_UDB-64_SB_12	d__Bacteria;p__Bacteroidota;c__Bacteroidia;o__Bacteroidales;f__Tannerellaceae;g__Parabacteroides;s__Parabacteroides distasonis	99.95	0.7	A0017
